date,day,stage,GDD,daily_GDD,LAI,dry_matter_total,dry_matter_leaf,dry_matter_stem,dry_matter_fruit,dry_matter_root,fruit_set_rate,soil_EC,soil_water_content,water_uptake,daily_K_uptake,accumulated_K,gray_mold_risk,whitefly_population,alerts
2025-09-01,1,seedling,8.75660746121755,8.75660746121755,0.10832870676749587,0.0,0.0,0.0,0.0,0.0,0.0,2.4645703726647508,0.7481559006197095,0.18440993802904904,0.2393657155677486,0.2393657155677486,7.266633246958523,2.8637516082315133,[]
2025-09-02,2,seedling,16.818903441972786,8.062295980755236,0.11735108709918103,0.0,0.0,0.0,0.0,0.0,0.0,2.7637190294608374,0.8466094192014424,0.15464814182671924,0.12000680166294085,0.35937251723068947,10.806134248460289,0.8201073273648578,[]
2025-09-03,3,seedling,26.99013762327464,10.171234181301855,0.1271249150321405,0.0,0.0,0.0,0.0,0.0,0.0,3.050983529722528,0.9457863347603741,0.08230844410683254,0.11649294894430413,0.4758654661749936,11.952224825424864,0.7828612258878532,[]
2025-09-04,4,seedling,36.93327342361169,9.943135800337044,0.13771277643359572,0.0,0.0,0.0,0.0,0.0,0.0,3.322922751038206,1.0,0.0903250074033831,0.1203942679001365,0.5962597340751301,8.812169076231074,0.7473066982194778,[]
2025-09-05,5,seedling,46.97181826665852,10.038544843046829,0.14918246976412705,0.0,0.0,0.0,0.0,0.0,0.0,3.5,1.0,0.09492963303085447,0.12272727272727271,0.7189870068024028,5.411653343219355,0.7133669196227372,[]
2025-09-06,6,seedling,58.0589176258108,11.087099359152285,0.16160744021928936,0.0,0.0,0.0,0.0,0.0,0.0,3.5,1.0,0.09277808862951291,0.12272727272727271,0.8417142795296755,4.360540643742733,0.6809685544429248,[]
2025-09-07,7,seedling,69.14910074517752,11.090183119366724,0.17506725002961013,0.0,0.0,0.0,0.0,0.0,0.0,3.5,1.0,0.10644088801800297,0.12272727272727271,0.9644415522569482,4.485278076581609,0.6500415976470049,[]
2025-09-08,8,seedling,79.98427414795748,10.835173402779963,0.18964808793049515,0.0,0.0,0.0,0.0,0.0,0.0,3.5,1.0,0.11530603746174105,0.12272727272727271,1.0871688249842208,5.385175889423315,0.620519223559664,[]
2025-09-09,9,seedling,90.27231684488441,10.288042696926931,0.20544332106438878,0.0,0.0,0.0,0.0,0.0,0.0,3.5,1.0,0.1249095392071484,0.12272727272727271,1.2098960977114936,14.384710031360532,0.5923376414691859,[]
2025-09-10,10,seedling,100.87125746029201,10.598940615407606,0.2225540928492468,0.0,0.0,0.0,0.0,0.0,0.0,3.5,1.0,0.12549259220588796,0.12272727272727271,1.3326233704387664,10.828074821488919,0.5654359577911475,[]
2025-09-11,11,seedling,110.07923834553563,9.207980885243611,0.241089970641721,0.0,0.0,0.0,0.0,0.0,0.0,3.5,1.0,0.14360903972579458,0.12272727272727271,1.4553506431660392,7.15414660931674,0.5397560444921082,[]
2025-09-12,12,seedling,119.71958019244073,9.640341846905107,0.2611696473423118,0.0,0.0,0.0,0.0,0.0,0.0,3.5,1.0,0.15858323427933324,0.12272727272727271,1.578077915893312,6.737806809988374,0.515242413488985,[]
2025-09-13,13,seedling,128.93497113980723,9.21539094736651,0.282921701435156,0.0,0.0,0.0,0.0,0.0,0.0,3.5,1.0,0.17201639447257486,0.12272727272727271,1.7008051886205848,7.077586817607176,0.4918420967527224,[]
2025-09-14,14,seedling,136.9117039960673,7.976732856260076,0.30648542032930026,0.0,0.0,0.0,0.0,0.0,0.0,3.5,1.0,0.1620975136378218,0.12272727272727271,1.8235324613478576,7.917298066823856,0.14085135955715683,[]
2025-09-15,15,seedling,143.8745921216547,6.962888125587389,0.33201169227365473,0.0,0.0,0.0,0.0,0.0,0.0,3.5,1.0,0.17577862325768023,0.12272727272727271,1.9462597340751304,8.112893771278742,0.0403363307453403,[]
2025-09-16,16,seedling,152.2495835527865,8.374991431131798,0.35966397255692817,0.0,0.0,0.0,0.0,0.0,0.0,3.5,1.0,0.15308201180150247,0.12272727272727271,2.068987006802403,8.88025867332677,0.01155132320421265,[]
2025-09-17,17,seedling,158.71441698751215,6.464833434725649,0.3896193301795215,0.0,0.0,0.0,0.0,0.0,0.0,3.5,1.0,0.17667109232082961,0.12272727272727271,2.1917142795296756,21.021154648205908,0.0033080120403265975,[]
2025-09-18,18,seedling,165.8040556425665,7.089638655054355,0.42206958169965525,0.0,0.0,0.0,0.0,0.0,0.0,3.5,1.0,0.18147497700769039,0.12272727272727271,2.314441552256948,9.298149926359445,0.0009473324800534503,[]
2025-09-19,19,seedling,172.11464026214696,6.310584619580457,0.4572225195142159,0.0,0.0,0.0,0.0,0.0,0.0,3.5,1.0,0.20687889219608044,0.12272727272727271,2.4371688249842207,8.66194380022021,0.0002712924913283016,[]
2025-09-20,20,seedling,176.74379671420817,4.629156452061222,0.4953032424395115,0.0,0.0,0.0,0.0,0.0,0.0,3.5,1.0,0.1471140374882634,0.12272727272727271,2.5598960977114933,8.023321420609237,7.769143083425575e-05,[]
2025-09-21,21,seedling,183.7186816631073,6.974884948899144,0.5365555971121975,0.0,0.0,0.0,0.0,0.0,0.0,3.5,1.0,0.1838227097785843,0.12272727272727271,2.682623370438766,7.2615567639074,2.2248895999740725e-05,[]
2025-09-22,22,seedling,189.80800869651478,6.089327033407468,0.5812437394402589,0.0,0.0,0.0,0.0,0.0,0.0,3.5,1.0,0.17693982864576868,0.12272727272727271,2.8053506431660384,9.025296652461373,6.3715311700633175e-06,[]
2025-09-23,23,seedling,194.64902047456954,4.841011778054772,0.6296538261026657,0.0,0.0,0.0,0.0,0.0,0.0,3.5,1.0,0.15256426437197151,0.12272727272727271,2.928077915893311,8.258319603813122,1.8246482635166038e-06,[]
2025-09-24,24,seedling,199.28473540572537,4.635714931155844,0.682095846929075,0.0,0.0,0.0,0.0,0.0,0.0,3.5,1.0,0.18786550170507005,0.12272727272727271,3.0508051886205836,9.94558258695017,5.225339399102513e-07,[]
2025-09-25,25,seedling,204.67248442493053,5.38774901920516,0.7389056098930651,0.0,0.0,0.0,0.0,0.0,0.0,3.5,1.0,0.21509266613690728,0.12272727272727271,3.173532461347856,9.582588247750461,1.496407410773531e-07,[]
2025-09-26,26,seedling,210.96761526127327,6.295130836342739,0.8004468914296354,0.0,0.0,0.0,0.0,0.0,0.0,3.5,1.0,0.2840998104789542,0.12272727272727271,3.2962597340751287,7.604692168900787,4.2853391291722537e-08,[]
2025-09-27,27,seedling,215.77427595739016,4.806660696116888,0.8671137658463457,0.0,0.0,0.0,0.0,0.0,0.0,3.5,1.0,0.30185354823372573,0.12272727272727271,3.4189870068024013,8.559432202173172,1.2272146822984473e-08,[]
2025-09-28,28,seedling,221.98900085972994,6.214724902339788,0.9393331287442784,0.00884073618056469,0.003536294472225876,0.002652220854169407,0.0,0.002652220854169407,0.0,3.5,1.0,0.45063354916019555,0.12272727272727271,3.541714279529674,6.947049947418307,3.514438020077504e-09,[]
2025-09-29,29,seedling,228.83560957688798,6.846608717158023,1.0175674306073332,0.04072388656289494,0.016289554625157975,0.012217165968868482,0.0,0.012217165968868482,0.0,3.5,1.0,0.4457508925704804,0.12272727272727271,3.6644415522569465,8.787472195814383,1.0064477532026927e-09,[]
2025-09-30,30,seedling,236.29493726144895,7.459327684560976,1.1023176380641602,0.04072388656289494,0.016289554625157975,0.012217165968868482,0.0,0.012217165968868482,0.0,3.5,1.0,0.451494601480707,0.12272727272727271,3.787168824984219,12.78703458126096,2.8822163718352046e-10,[]
2025-10-01,31,seedling,244.04498641016977,7.750049148720817,1.1941264417849105,0.04072388656289494,0.016289554625157975,0.012217165968868482,0.0,0.012217165968868482,0.0,3.5,1.0,0.499782721254598,0.12272727272727271,3.9098960977114916,20.96477703273305,8.253951770114264e-11,[]
2025-10-02,32,seedling,254.05844111161846,10.013454701448707,1.2935817315543077,0.04072388656289494,0.016289554625157975,0.012217165968868482,0.0,0.012217165968868482,0.0,3.5,1.0,0.7149095292949312,0.12272727272727271,4.032623370438764,6.2925318678612125,7.879089218643356e-11,[]
2025-10-03,33,seedling,262.815360361605,8.756919249986492,1.4013203607733615,0.04072388656289494,0.016289554625157975,0.012217165968868482,0.0,0.012217165968868482,0.0,3.5,1.0,0.6715162403906061,0.12272727272727271,4.155350643166037,7.728047345626323,2.2563754421289487e-11,[]
2025-10-04,34,seedling,271.7294732096194,8.914112848014446,1.5,1.8305366168515471,0.732214646740619,0.5491609850554641,0.0,0.5491609850554641,0.0,3.5,1.0,0.8758946913271501,0.12272727272727271,4.27807791589331,6.270932917045375,6.461698801170869e-12,[]
2025-10-05,35,seedling,282.36199894514584,10.6325257355264,1.5,2.4281794690246885,0.9712717876098755,0.7284538407074065,0.0,0.7284538407074065,0.0,3.5,1.0,0.9120000000000001,0.12272727272727271,4.400805188620583,4.6565757192059145,6.168233444586906e-12,[]
2025-10-06,36,seedling,291.4320594459483,9.07006050080249,1.5,3.2570418681278808,1.3028167472511525,0.9771125604383641,0.0,0.9771125604383641,0.0,3.5,1.0,0.8460960238700768,0.12272727272727271,4.523532461347856,7.613128383353582,1.7664288446883156e-12,[]
2025-10-07,37,seedling,302.8906045878549,11.45854514190661,1.5,3.2570418681278808,1.3028167472511525,0.9771125604383641,0.0,0.9771125604383641,0.0,3.5,1.0,0.7743623662659568,0.12272727272727271,4.646259734075129,7.357291584890099,1.6862044816008993e-12,[]
2025-10-08,38,seedling,312.322535741279,9.43193115342411,1.5,8.348833634051415,3.3395334536205663,2.5046500902154243,0.0,2.5046500902154243,0.0,3.5,1.0,0.8783725061749231,0.12272727272727271,4.768987006802402,9.05382086751338,1.6096235986639202e-12,[]
2025-10-09,39,seedling,321.4242281541076,9.101692412828598,1.5,9.682060597678763,3.8728242390715057,2.904618179303629,0.0,2.904618179303629,0.0,3.5,1.0,0.9020647846666592,0.12272727272727271,4.891714279529675,7.931804442431642,4.609562169321197e-13,[]
2025-10-10,40,seedling,332.3182500530556,10.894021898947997,1.5,13.008543989058316,5.203417595623327,3.902563196717494,0.0,3.902563196717494,0.0,3.5,1.0,0.9120000000000001,0.12272727272727271,5.014441552256948,5.015459555216788,4.400213691878907e-13,[]
2025-10-11,41,seedling,342.62048269652246,10.302232643466896,1.5,13.130325814113789,5.252130325645517,3.9390977442341364,0.0,3.9390977442341364,0.0,3.5,1.0,0.7704593593068629,0.12272727272727271,5.137168824984221,5.176345899978438,4.2003730122268483e-13,[]
2025-10-12,42,flowering,353.0309421367229,10.410459440200418,1.6469942273241382,15.647346533758904,6.133087577521307,4.568352924145415,0.5034041439290231,4.442501888163159,0.65727503640938,3.5,1.0,0.908488067648212,0.16363636363636364,5.300805188620585,5.517688622624667,4.009608322978961e-13,[]
2025-10-13,43,flowering,363.02119547651836,9.990253339795476,1.6607825289883875,17.041680609047006,6.621104503872143,4.916936442967441,0.782270958986644,4.72136870322078,0.6942357466153362,3.5,1.0,0.9408243117788397,0.16363636363636364,5.464441552256949,7.448153266848574,3.82750742776982e-13,[]
2025-10-14,44,flowering,371.51496376710173,8.493768290583379,1.6733882120163504,20.694163462005807,7.899473502407723,5.830057156207141,1.5127675295784038,5.45186527381254,0.6948836509318929,3.5,1.0,0.902101478203173,0.16363636363636364,5.628077915893313,8.338446868054081,1.0961030551793882e-13,[]
2025-10-15,45,flowering,379.5139531909695,7.9989894238677985,1.6860365100662846,23.283536059316717,8.80575391146654,6.477400305534868,2.030642049040585,5.969739793274722,0.6945496202421895,3.5,1.0,0.7534269902186644,0.16363636363636364,5.791714279529677,23.263615696011417,3.138966887057448e-14,[]
2025-10-16,46,flowering,387.257139913568,7.74318672259844,1.6990267635555552,26.386703531272257,9.89186252665098,7.253192173523754,2.651275543431694,6.59037328766583,0.6778061564034861,3.5,1.0,0.8237235372069812,0.16363636363636364,5.9553506431660415,8.165508061996594,8.989221470996231e-15,[]
2025-10-17,47,flowering,394.84143025743424,7.584290343866282,1.7124872228994217,27.6391619896969,10.330222987099603,7.566306788129913,2.9017672351166213,6.840864979350758,0.6669291256570893,3.5,1.0,0.6559965648338786,0.16363636363636364,6.1189870068024055,8.08759340378252,2.5742897444314706e-15,[]
2025-10-18,48,flowering,403.46432565856435,8.622895401130092,1.7287053175124776,27.6391619896969,10.330222987099603,7.566306788129913,2.9017672351166213,6.840864979350758,0.7696504632250276,3.5,1.0,0.7513939963560812,0.16363636363636364,6.2826233704387695,6.821487082230586,7.372126395669515e-16,[]
2025-10-19,49,flowering,410.1514470567053,6.687121398140962,1.7419706094995908,27.6391619896969,10.330222987099603,7.566306788129913,2.9017672351166213,6.840864979350758,0.5,3.5,1.0,0.6970986575376039,0.16363636363636364,6.4462597340751335,8.016508225978098,2.111193882168456e-16,[]
2025-10-20,50,flowering,414.7580743054428,4.606627248737465,1.7514656428241488,29.032234411290005,10.817798334657192,7.914574893528192,3.1803817194352444,7.11947946366938,0.5,3.5,1.0,0.5933078110805539,0.16363636363636364,6.6098960977114976,8.673312800112125,6.045934875348447e-17,[]
2025-10-21,51,flowering,420.4314713351228,5.673397029680039,1.7635654810705355,30.660828616819163,11.387806306592395,8.32172344491048,3.506100560541075,7.445198304775211,0.5,3.5,1.0,0.67753229753952,0.16363636363636364,6.773532461347862,11.23228227906398,1.7314055722542107e-17,[]
2025-10-22,52,flowering,425.4343188443247,5.002847509201901,1.7746112829417768,30.818646535261355,11.443042578047164,8.36117792452103,3.537664144229514,7.47676188846365,0.5,3.5,1.0,0.49661641925596806,0.16363636363636364,6.937168824984226,12.221594228978645,4.958315492043999e-18,[]
2025-10-23,53,flowering,430.4656354825014,5.031316638176668,1.7860788272269503,30.818646535261355,11.443042578047164,8.36117792452103,3.537664144229514,7.47676188846365,0.5,3.5,1.0,0.450946694069754,0.16363636363636364,7.10080518862059,9.372090369281045,1.4199383964460228e-18,[]
2025-10-24,54,flowering,436.57848163493554,6.112846152434122,1.8004993138613814,31.06584318776331,11.529561406422847,8.422977087646519,3.5871034747299047,7.52620121896404,0.5,3.5,1.0,0.7149321136332794,0.16363636363636364,7.264441552256954,8.91555796826696,4.066350866411974e-19,[]
2025-10-25,55,flowering,443.06097608692284,6.482494451987277,1.816379639527434,32.47562733296999,12.022985857245187,8.77542312394819,3.8690603037712425,7.808158048005378,0.5,3.5,1.0,0.677890954525852,0.16363636363636364,7.428077915893318,7.762309815944056,1.1645018833320898e-19,[]
2025-10-26,56,flowering,449.943019392095,6.882043305172119,1.8339022773761875,32.47562733296999,12.022985857245187,8.77542312394819,3.8690603037712425,7.808158048005378,0.5350433169905846,3.5,1.0,0.6144675832635073,0.16363636363636364,7.591714279529682,7.407819811605792,3.3348441411808976e-20,[]
2025-10-27,57,flowering,455.5397837628774,5.596764370782411,1.8486552799789426,35.10383726942978,12.94285933500611,9.432475608063136,4.394702291063199,8.333800035297335,0.5,3.5,1.0,0.748386530761743,0.16363636363636364,7.755350643166046,9.624749922145778,9.550165272508235e-21,[]
2025-10-28,58,flowering,462.55795621073247,7.018172447855068,1.8677883878973414,37.06591526165194,13.629586632283864,9.922995106118675,4.78711788950763,8.726215633741766,0.6218637018737978,3.5,1.0,0.7151972563545953,0.16363636363636364,7.91898700680241,13.809391135233398,2.73493011580222e-21,[]
2025-10-29,59,flowering,469.6857421281297,7.127785917397226,1.887933144313126,40.481343365010325,14.8249864684593,10.776852131958274,5.470203510179308,9.409301254413444,0.5352504604176405,3.5,1.0,0.8990008805814834,0.16363636363636364,8.082623370438773,18.750909496467614,7.8321605175294065e-22,[]
2025-10-30,60,flowering,479.1341295047064,9.448387376576724,1.9157202372649689,41.0458304760181,15.022556957312021,10.917973909710216,5.583100932380862,9.522198676614998,0.6912423867324721,3.5,1.0,0.9092823517640665,0.16363636363636364,8.246259734075137,8.558432294849633,7.4764540926674e-22,[]
2025-10-31,61,flowering,487.14130626056505,8.007176755858648,1.9402060286246314,43.625479802037546,15.92543422141883,11.562886241215079,6.099030797584752,10.038128541818889,0.7099298839477931,3.5,1.0,1.0789779065740774,0.16363636363636364,8.409896097711501,7.313068065109323,2.1410707431745345e-22,[]
2025-11-01,62,flowering,495.1949256684845,8.053619407919408,1.9656639571638417,49.667959494121554,18.04030211364823,13.073506164236079,7.307526736001552,11.246624480235688,0.6345716044949309,3.5,1.0,1.1468224152739468,0.16363636363636364,8.573532461347865,6.647054061116359,6.131494784103514e-23,[]
2025-11-02,63,flowering,503.017987694294,7.823062025809501,1.9911488914367432,51.29008471073675,18.608045939463548,13.479037468389878,7.6319517793245915,11.571049523558727,0.6351298960736371,3.5,1.0,0.9946397202851138,0.16363636363636364,8.737168824984229,7.889784346518471,1.7559078048839574e-23,[]
2025-11-03,64,flowering,511.9516391229902,8.933651428696162,2.0211013336126795,57.10837521306548,20.644447615278605,14.933610093972062,8.795609879790339,12.734707624024475,0.7281349115087159,3.5,1.0,1.1703627698029158,0.16363636363636364,8.900805188620593,7.828597193319325,5.0284838001426986e-24,[]
2025-11-04,65,flowering,522.33964546765,10.38800634465991,2.0569641074052383,58.48408838316509,21.12594722481347,15.277538386496964,9.07075251381026,13.009850258044397,0.6873139990716853,3.5,1.0,1.250634177302385,0.16363636363636364,9.064441552256957,8.16339113895725,4.8001095232082545e-24,[]
2025-11-05,66,flowering,533.8449355862209,11.505290118570858,2.097810546186311,62.97167960335683,22.696604151880578,16.3994361915449,9.96827075784861,13.907368502082745,0.5513703493751592,3.5,1.0,1.275468812081277,0.16363636363636364,9.228077915893321,8.391497392909823,4.582107122258347e-24,[]
2025-11-06,67,flowering,544.469110895861,10.624175309640142,2.1363902945871556,66.60061308390391,23.966730870072055,17.30666956168167,10.694057453958024,14.63315519819216,0.6342070475138794,3.5,1.0,1.183882686352924,0.16363636363636364,9.391714279529685,9.233995493535922,4.374005546818804e-24,[]
2025-11-07,68,flowering,555.6941876908661,11.225076795005066,2.1778272299638513,67.8071304043132,24.389011932215308,17.608298891783992,10.935360918039882,14.874458662274018,0.5890676609629467,3.5,1.0,1.3241189558180215,0.16363636363636364,9.555350643166049,4.6476601543814295,4.175355139705303e-24,[]
2025-11-08,69,flowering,566.1203318331193,10.426144142253134,2.2167231067791615,73.62846631426396,26.426479500698072,19.063632869271682,12.099628100030033,16.03872584426417,0.6859560543558868,3.5,1.0,1.3477676489217303,0.16363636363636364,9.718987006802413,5.25452161691806,3.9857266654229256e-24,[]
2025-11-09,70,flowering,575.434542465313,9.314210632193705,2.2516295316807593,75.09108332289702,26.938395453719647,19.429287121429947,12.392151501756647,16.331249245990783,0.7141065279247207,3.5,1.0,1.1571820509892516,0.16363636363636364,9.882623370438777,6.0758447591188505,3.804710382692043e-24,[]
2025-11-10,71,flowering,585.7195528267376,10.28501036142461,2.290159874434033,76.34366666890416,27.376799624822148,19.742432957931733,12.642668170958077,16.58176591519221,0.6974979716385393,3.5,1.0,1.224026655767983,0.16363636363636364,10.046259734075141,6.088410493517643,3.631915159096492e-24,[]
2025-11-11,72,flowering,597.1048979114457,11.38534508470812,2.3325574758528487,77.76785183896338,27.875264434342874,20.098479250446537,12.92750520496992,16.866602949204054,0.5647366583132581,3.5,1.0,1.116480763051531,0.16363636363636364,10.209896097711505,9.993146089564235,3.466967625940997e-24,[]
2025-11-12,73,flowering,606.7157577550597,9.610859843613985,2.367947064386935,83.28126128299289,29.8049577397532,21.47683161145391,14.030187093775819,17.969284838009955,0.764240174793287,3.5,1.0,1.3084777244859072,0.16363636363636364,10.37353246134787,14.210750399453252,3.309511371491707e-24,[]
2025-11-13,74,flowering,616.3013657463456,9.585607991285928,2.402715415129573,88.05021076745346,31.4740900593144,22.669068982569055,14.983976990667934,18.92307473490207,0.5730281483914036,3.5,1.0,1.4037579389332961,0.16363636363636364,10.537168824984233,9.090282236806052,3.1592061708566185e-24,[]
2025-11-14,75,flowering,623.1494214281842,6.848055681838551,2.4271509743701594,91.71716867869277,32.75752532824816,23.585808460378882,15.717368572915795,19.65646631714993,0.6292926165577337,3.5,1.0,1.2005936699171185,0.16363636363636364,10.700805188620597,9.200480912100275,9.04718175252556e-25,[]
2025-11-15,76,flowering,631.9437801508783,8.794358722694172,2.457950160995242,96.82444638122077,34.545072524132955,24.862627886010884,16.738824113421394,20.67792185765553,0.744750449134347,3.5,1.0,1.2416981733541281,0.16363636363636364,10.864441552256961,6.374833948872826,2.590888129375787e-25,[]
2025-11-16,77,flowering,639.1212516295412,7.177471478662889,2.4825412501756032,102.8705184598907,36.66119775166744,26.37414590567837,17.948038529155383,21.88713627338952,0.5208739910989256,3.5,1.0,1.2966102680751324,0.16363636363636364,11.028077915893325,8.267108915703053,7.419660047247847e-26,[]
2025-11-17,78,flowering,646.006606399473,6.885354769931727,2.505623636058572,105.04161866346168,37.42108282291728,26.91692095657111,18.382258569869578,22.321356314103713,0.5524064259648342,3.5,1.0,0.8625047288507325,0.16363636363636364,11.19171427952969,8.868583277129098,2.1248063392837126e-26,[]
2025-11-18,79,flowering,652.6596006574676,6.6529942579947,2.527419018204955,106.54827484700924,37.948412487158926,27.293585002458002,18.68358980657909,22.622687550813225,0.5080039809227587,3.5,1.0,0.7919569640497367,0.16363636363636364,11.355350643166053,13.893725293292562,6.084917571304246e-27,[]
2025-11-19,80,flowering,656.9322553609331,4.272654703465488,2.5411387771846456,108.62999688417541,38.677015200167084,27.814015511749545,19.099934214012322,23.039031958246458,0.5,3.5,1.0,0.7923560015277,0.16363636363636364,11.518987006802417,14.035883630434355,1.742569248077873e-27,[]
2025-11-20,81,flowering,662.8042196725108,5.8719643115777,2.5596245279103647,111.41299616684603,39.651064949101794,28.5097653324172,19.656534070546442,23.59563181478058,0.5,3.5,1.0,0.912294838130122,0.16363636363636364,11.682623370438781,9.801065820491637,4.990285486637787e-28,[]
2025-11-21,82,flowering,668.9524152427566,6.148195570245754,2.5785052926056045,113.77684119141462,40.47841070770081,29.10072658855935,20.129303075460165,24.068400819694304,0.5,3.5,1.0,0.8796926471166485,0.16363636363636364,11.846259734075145,8.7565297985269,1.4290938087893342e-28,[]
2025-11-22,83,flowering,676.0042253102072,7.0518100674505435,2.5995426272363202,114.13421698269727,40.60349223464973,29.190070536380006,20.20077823371669,24.13987597795083,0.5439920691791338,3.5,1.0,0.6996017130308896,0.16363636363636364,12.00989609771151,7.027787210194981,4.092569693234154e-29,[]
2025-11-23,84,flowering,681.6652274082527,5.6610020980455085,2.615939624673842,116.14239661787795,41.30635510696297,29.69211544517518,20.60241416075283,24.54151190498697,0.5,3.5,1.0,0.8174308083641106,0.16363636363636364,12.173532461347873,9.14863035594712,1.1720103040798858e-29,[]
2025-11-24,85,flowering,686.1174659267693,4.4522385185167,2.628522059059522,116.14239661787795,41.30635510696297,29.69211544517518,20.60241416075283,24.54151190498697,0.5,3.5,1.0,0.6945094472442542,0.16363636363636364,12.337168824984238,8.43373913656268,3.356346393172677e-30,[]
2025-11-25,86,flowering,691.1988097767604,5.081343849991084,2.642540662290144,119.25182063867223,42.39465351424097,30.469471450373753,21.224298964911686,25.163396709145825,0.5,3.5,1.0,0.9534640282726417,0.16363636363636364,12.500805188620602,9.52524380836397,9.611742381230293e-31,[]
2025-11-26,87,flowering,698.237197052433,7.038387275672605,2.6613501823988734,122.88910474291743,43.66770295072679,31.378792476435052,21.951755785760724,25.890853529994864,0.5385180739476897,3.5,1.0,1.0718020206087595,0.16363636363636364,12.664441552256966,20.47715326977314,2.752564270215525e-31,[]
2025-11-27,88,flowering,705.2632801672178,7.02608311478484,2.679416618695848,123.71664334297157,43.95734146074574,31.585677126448584,22.11726350577155,26.05636125000569,0.5600769834534355,3.5,1.0,0.944238061916202,0.16363636363636364,12.82807791589333,11.881860208784275,7.882660355590311e-32,[]
2025-11-28,89,flowering,712.1556238553375,6.892343688119746,2.6964472064409173,124.74225390315445,44.316305156809754,31.842079766494308,22.32238561780813,26.26148336204227,0.5771949429971991,3.5,1.0,1.0154139547198118,0.16363636363636364,12.991714279529694,8.774631543286437,2.2573981270464542e-32,[]
2025-11-29,90,flowering,721.8060182921179,9.65039443678046,2.719143546490251,128.38846372018426,45.59247859277018,32.753632220751754,23.05162758121409,26.990725325448228,0.5840102297038401,3.5,1.0,1.1086317189477173,0.16363636363636364,13.155350643166058,5.957199862686546,2.1548758389160297e-32,[]
2025-11-30,91,flowering,730.1856114360869,8.379593143969,2.737772476140977,133.82049051402913,47.49368797061589,34.11163891921298,24.138032939983066,28.077130684217206,0.731201933598483,3.5,1.0,1.3066381558562237,0.16363636363636364,13.318987006802422,6.965113232288208,6.171029149235011e-33,[]
2025-12-01,92,flowering,739.9523532518066,9.766741815719701,2.7582399661259367,140.49928867537633,49.8312673270874,35.78133845954978,25.473792572252506,29.412890316486646,0.7431442200021511,3.5,1.0,1.5891018373560977,0.16363636363636364,13.482623370438786,6.277646947662144,5.89076488352177e-33,[]
2025-12-02,93,flowering,748.9858211352199,9.033467883413271,2.7760035821709446,142.91107141724976,50.6753912867431,36.384284145018135,25.95614912062719,29.89524686486133,0.7228627146995843,3.5,1.0,1.3222314350538105,0.16363636363636364,13.64625973407515,10.350549405710701,1.6869687408899188e-33,[]
2025-12-03,94,flowering,758.5964709179681,9.610649782748162,2.7937061420180704,150.80617766445118,53.4386784732636,38.35806070681849,27.53517037006748,31.47426811430162,0.7492215168564895,3.5,1.0,1.6532238354776512,0.16363636363636364,13.809896097711514,8.536211938819955,1.6103531482532653e-33,[]
2025-12-04,95,flowering,768.1110488482301,9.51457793026206,2.8100584248204488,153.86697666356633,54.509958122953904,39.12326045659728,28.147330169890513,32.08642791412465,0.7811758873941943,3.5,1.0,1.5598792325318773,0.16363636363636364,13.973532461347878,9.80167190408999,1.5372171393769897e-33,[]
2025-12-05,96,flowering,777.6913936470205,9.580344798790373,2.825391051794621,157.3254862914726,55.72043649272109,39.987887863573846,28.839032095471765,32.7781298397059,0.6791993584036924,3.5,1.0,1.525974033415681,0.16363636363636364,14.137168824984242,6.291283516218172,1.4674026850306334e-33,[]
2025-12-06,97,flowering,787.9963900257345,10.304996378714014,2.840672371808971,159.85381314884665,56.605350892802015,40.61996957791736,29.344697466946577,33.28379521118071,0.6990185592595133,3.5,1.0,1.697635583882194,0.16363636363636364,14.300805188620606,4.775042153557949,1.4007589330599057e-33,[]
2025-12-07,98,flowering,798.6337219997199,10.637331973985447,2.8551982176783133,165.21768985041308,58.482707738350264,41.960938753308966,30.417472807259863,34.356570551493995,0.6503751495680999,3.5,1.0,1.584613904409825,0.16363636363636364,14.46444155225697,4.918403799013355,1.3371418824316545e-33,[]
2025-12-08,99,fruiting,808.9801234480835,10.34640144836364,3.0,171.74608798260255,60.11480727139763,42.940198473137386,33.681671873354595,35.00941036471294,0.6857918840775542,3.5,1.0,1.7381799617791835,0.24545454545454543,14.709896097711516,6.295038674248593,1.2764140720824546e-33,[]
2025-12-09,100,fruiting,819.6490054805834,10.668882032499798,3.0,177.79893730139776,61.628019601096426,43.848125870956665,36.708096532752194,35.61469529659246,0.6738032421509599,3.5,1.0,1.627043741280222,0.24545454545454543,14.955350643166062,6.723418267410391,1.2184442838984878e-33,[]
2025-12-10,101,fruiting,830.3150080134292,10.666002532845843,3.0,188.79947766002115,64.37815469075228,45.49820692475018,42.2083667120639,36.7147493324548,0.5566689577733471,3.5,1.0,1.7824712241349971,0.24545454545454543,15.200805188620608,7.162391623762912,1.1631072591849296e-33,[]
2025-12-11,102,fruiting,839.3823131110374,9.067305097608298,3.0,196.4910871570441,66.30105706500801,46.651948349303616,46.05417146057536,37.4839102821571,0.6501456028922428,3.5,1.0,1.7512760868448314,0.24545454545454543,15.446259734075154,8.364781602290092,3.3308502840365896e-34,[]
2025-12-12,103,fruiting,849.3121915800541,9.929878469016659,3.0,203.21056040165246,67.9809253761601,47.65986933599487,49.413908082879544,38.155857606617936,0.7473886716455326,3.5,1.0,1.5923284394820396,0.24545454545454543,15.6917142795297,6.443796344451342,3.1795759525627256e-34,[]
2025-12-13,104,fruiting,857.3496284669542,8.037436886900046,3.0,210.4313262238331,69.78611683170527,48.74298420932197,53.02429099396987,38.877934188836,0.591374778316644,3.5,1.0,1.5936640716012962,0.24545454545454543,15.937168824984246,6.8897760711326885,9.105515747645751e-35,[]
2025-12-14,105,fruiting,865.8662140534036,8.51658558644938,3.0,216.6126067836134,71.33143697165035,49.67017629328901,56.114931273860016,39.49606224481403,0.6759496182330478,3.5,1.0,1.5050378551073456,0.24545454545454543,16.18262337043879,6.818383748404343,2.6075935366097887e-35,[]
2025-12-15,106,fruiting,874.9838518224435,9.117637769039858,3.0,222.367683173934,72.7702060692305,50.533437751837106,58.99246946902032,40.07156988384609,0.7836461625616302,3.5,1.0,1.4353072558039452,0.24545454545454543,16.428077915893336,7.7366157239856825,7.46750018408038e-36,[]
2025-12-16,107,fruiting,884.127622993865,9.14377117142145,3.0,228.30055509306374,74.25342404901292,51.42336853970656,61.958905428585176,40.66485707575906,0.647966886173457,3.5,1.0,1.5501481843980018,0.24545454545454543,16.673532461347882,7.854940992112554,2.138506566162931e-36,[]
2025-12-17,108,fruiting,890.9899814359558,6.8623584420907395,3.0,233.6723281821147,75.59636732127566,52.22913450306421,64.64479197311067,41.20203438466416,0.5,3.5,1.0,1.3567563491023265,0.24545454545454543,16.91898700680243,9.706160003798756,6.124151618062744e-37,[]
2025-12-18,109,fruiting,897.6106278558332,6.620646419877401,3.0,237.12532795221586,76.45961726380095,52.74708446857938,66.37129185816124,41.547334361674274,0.5,3.5,1.0,1.1069267325553689,0.24545454545454543,17.164441552256974,9.291415704088418,1.7538049045280807e-37,[]
2025-12-19,110,fruiting,904.251428215034,6.64080035920089,3.0,239.96261927266048,77.1689400939121,53.17267816664607,67.78993751838355,41.83106349371874,0.5175780584543642,3.5,1.0,1.0110655856566166,0.24545454545454543,17.40989609771152,8.251152187808927,5.022461615866606e-38,[]
2025-12-20,111,fruiting,908.587388206681,4.335959991646945,3.0,240.5054002646816,77.30463534191739,53.25409531544925,68.06132801439414,41.88534159292085,0.5,3.5,1.0,0.8687033448061783,0.24545454545454543,17.655350643166067,7.733492365714655,1.4383082529719037e-38,[]
2025-12-21,112,fruiting,914.4991797516537,5.9117915449727825,3.0,241.08959207137798,77.45068329359148,53.3417240864537,68.3534239177423,41.94376077359048,0.5,3.5,1.0,0.7160230866070466,0.24545454545454543,17.900805188620613,8.762985944237176,4.118957572580947e-39,[]
2025-12-22,113,fruiting,920.2780519485415,5.778872196887678,3.0,242.2537728216471,77.74172848115876,53.516351198994066,68.93551429287686,42.0601788486174,0.5,3.5,1.0,0.8016390888255014,0.24545454545454543,18.14625973407516,9.598537264501257,1.1795671372716057e-39,[]
2025-12-23,114,fruiting,927.4379133369249,7.159861388383386,3.0,247.3943722607462,79.02687834093355,54.287441114858936,71.50581401242643,42.57423879252731,0.5,3.5,1.0,1.354928263192824,0.24545454545454543,18.391714279529705,11.47320088103315,3.377987286378603e-40,[]
2025-12-24,115,fruiting,934.1470944431268,6.709181106201891,3.0,251.83243913576774,80.13639505968894,54.95315114611217,73.7248474499372,43.018045480029464,0.5810437038830363,3.5,1.0,1.1894450345747063,0.24545454545454543,18.63716882498425,14.59151786275936,9.673716523952328e-41,[]
2025-12-25,116,fruiting,940.7130670927537,6.565972649626909,3.0,254.72757201519448,80.86017827954562,55.38742107802618,75.17241388965057,43.30755876797214,0.5,3.5,1.0,1.0276629759701927,0.24545454545454543,18.882623370438797,9.113862489472549,2.770312125304424e-41,[]
2025-12-26,117,fruiting,946.0974263716166,5.38435927886296,3.0,256.6125911407454,81.33143306093334,55.67017394685881,76.114923452426,43.49606068052723,0.5,3.5,1.0,1.1610133706325965,0.24545454545454543,19.128077915893343,8.372985947633577,7.933485804143806e-42,[]
2025-12-27,118,fruiting,952.1302200977141,6.032793726097474,3.0,260.24891224253537,82.24051333638084,56.21562211212731,77.933084003321,43.859692790706234,0.5,3.5,1.0,1.105009523928879,0.24545454545454543,19.37353246134789,7.358763487890813,2.2719532730498706e-42,[]
2025-12-28,119,fruiting,959.8800333022555,7.74981320454144,3.0,269.125760257371,84.45972534008975,57.54714931435266,82.37150801073881,44.74737759218979,0.5227964299723697,3.5,1.0,1.7391598650429692,0.24545454545454543,19.618987006802435,7.915757325431299,6.506309839523417e-43,[]
2025-12-29,120,fruiting,968.5900221298116,8.709988827556131,3.0,275.9141032116936,86.1568110786704,58.56540075750105,85.76567948790012,45.42621188762205,0.7250392989884443,3.5,1.0,1.5581499317955143,0.24545454545454543,19.86444155225698,7.547018759331618,1.8632455266587704e-43,[]
